<?xml version="1.0" encoding="UTF-8"?>
<beans xmlns="http://www.springframework.org/schema/beans"
	xmlns:xsi="http://www.w3.org/2001/XMLSchema-instance"
	xmlns:tx="http://www.springframework.org/schema/tx"
	xmlns:context="http://www.springframework.org/schema/context"
	xsi:schemaLocation="
		http://www.springframework.org/schema/beans http://www.springframework.org/schema/beans/spring-beans.xsd
		http://www.springframework.org/schema/tx http://www.springframework.org/schema/tx/spring-tx.xsd
		http://www.springframework.org/schema/context http://www.springframework.org/schema/context/spring-context.xsd"
	default-lazy-init="true">

	<description>Spring公共配置</description>
		
	<!-- 定义受环境影响易变的变量 -->
	<bean class="org.springframework.beans.factory.config.PropertyPlaceholderConfigurer">
		<property name="systemPropertiesModeName" value="SYSTEM_PROPERTIES_MODE_OVERRIDE" />
		<property name="ignoreResourceNotFound" value="true" />
		<property name="locations">
			<list>
				<!-- 标准配置 -->
				<value>classpath*:/application.properties</value>
			</list>
		</property>
	</bean>

	<!-- 使用annotation 自动注册bean,并保证@Required,@Autowired的属性被注入 -->
	<context:component-scan base-package="com.cf" />

	<!-- 以静态变量保存ApplicationContext -->
	<bean class="org.springside.modules.utils.SpringContextHolder" lazy-init="false" />

	<!-- 数据源配置,使用应用内的DBCP数据库连接池 -->
	<bean id="dataSource" class="com.cf.commons.dbcp.DataSource" destroy-method="close">
		<!-- Connection Info -->
		<property name="driverClassName" value="${jdbc.driver}" />
		<property name="url" value="${jdbc.url}" />
		<property name="encrypt" value="${jdbc.encrypt}" />
		<property name="username" value="${jdbc.username}" />
		<property name="password" value="${jdbc.password}" />

		<!-- Connection Pooling Info -->
		<property name="initialSize" value="${dbcp.initialSize}" />
		<property name="maxActive" value="${dbcp.maxActive}" />
		<property name="maxIdle" value="${dbcp.maxIdle}" />
		<property name="defaultAutoCommit" value="true" />
	</bean>

	<!-- Hibernate配置 -->
	<bean id="sessionFactory" class="org.springframework.orm.hibernate5.LocalSessionFactoryBean">
		<property name="dataSource" ref="dataSource" />
		<property name="hibernateProperties">
			<props>
				<prop key="hibernate.dialect">${hibernate.dialect}</prop>
				<prop key="hibernate.show_sql">${hibernate.show_sql}</prop>
				<prop key="hibernate.format_sql">${hibernate.format_sql}</prop>
				<prop key="hibernate.generate_statistics">${hibernate.generate_statistics}</prop>
				<!-- 
				<prop key="hibernate.cache.provider_class">org.hibernate.cache.EhCacheProvider</prop>
				<prop key="hibernate.cache.provider_configuration_file_resource_path">ehcache/ehcache-hibernate-local.xml</prop>
				 -->
			</props>
		</property>
		<property name="packagesToScan" value="com.cf.modules" />
	</bean>

	<!-- 事务管理器配置,单数据源事务 -->
	<bean id="transactionManager" class="org.springframework.orm.hibernate5.HibernateTransactionManager">
		<property name="sessionFactory" ref="sessionFactory" />
	</bean>

	<!-- 使用annotation定义事务 -->
	<tx:annotation-driven transaction-manager="transactionManager" proxy-target-class="true" />
	
	<!-- 定时任务 -->
	<!-- 总管理类 -->
	<bean id="startQuertz" lazy-init="false"
		class="org.springframework.scheduling.quartz.SchedulerFactoryBean">
		<property name="triggers">
			<list>
				<ref bean="doTime1" />
				 <ref bean="cronTrigger_2" />  
				 <ref bean="cronTrigger_3" />  
			</list>
		</property>
		<property name="autoStartup" value="true"></property>
	</bean>
	
	<!-- 要调用的工作类 -->
    <bean id="splitTask" class="com.cf.modules.schedule.QuertzSplitTask"></bean>
    <!-- 定义调用对象和调用对象的方法 -->
	<bean id="sharesave" class="org.springframework.scheduling.quartz.MethodInvokingJobDetailFactoryBean">
		<!-- 调用的类 -->
		<property name="targetObject">
			<ref bean="splitTask"/>
		</property>
		<!-- 调用类中的方法 -->
		<property name="targetMethod">
			<value>splits</value>
		</property>
		<!-- 不允许并发执行 -->
		<property name="concurrent">
			<value>false</value>
		</property>
	</bean>
	<!-- spring 版本问题 3.0以上版本需要将CronTriggerBean换成CronTriggerFactoryBean -->
	<bean id="doTime1" class="org.springframework.scheduling.quartz.CronTriggerFactoryBean">
    	<property name="jobDetail">
            <ref bean="sharesave"/>
        </property>
        <!-- cron表达式 -->
        <property name="cronExpression">
        	<!-- 每天凌晨2点1分1秒执行 -->
            <value>0 0 0 * * ? </value>
            <!-- 每格一分钟执行一次 -->
            <!--<value>0 */1 * * * ?</value> -->
     	</property>
	</bean>
	
	<!-- 任务2 -->
	<bean id="job2" class="com.cf.modules.schedule.DefaultTaskQuartz"></bean>
	<bean id="jobDetail_2" class="org.springframework.scheduling.quartz.MethodInvokingJobDetailFactoryBean"> 
	    <property name="targetObject">  
            <ref bean="job2" />  
        </property>  
        <property name="targetMethod">  
            <value>taskDefault</value>  
        </property>  
         <!--  不允许并发执行 -->
		<property name="concurrent">
			<value>false</value>
		</property>
    </bean>  
    <bean id="cronTrigger_2" class="org.springframework.scheduling.quartz.CronTriggerFactoryBean">  
        <property name="jobDetail">  
            <ref bean="jobDetail_2" />  
        </property>  
        <property name="cronExpression">  
            <value>0 0 0 * * ?</value>  
        </property>  
    </bean>  
	<!-- 任务3 -->
	<bean id="job3" class="com.cf.modules.schedule.DefaultSellTaskQuartz"></bean>
	<bean id="jobDetail_3" class="org.springframework.scheduling.quartz.MethodInvokingJobDetailFactoryBean"> 
	    <property name="targetObject">  
            <ref bean="job3" />  
        </property>  
        <property name="targetMethod">  
            <value>taskSellDefault</value>  
        </property>  
         <!--  不允许并发执行 -->
		<property name="concurrent">
			<value>false</value>
		</property>
    </bean>  
    <bean id="cronTrigger_3" class="org.springframework.scheduling.quartz.CronTriggerFactoryBean">  
        <property name="jobDetail">  
            <ref bean="jobDetail_3" />  
        </property>  
        <property name="cronExpression">  
            <value>0 0 0 * * ?</value>  
        </property>  
    </bean>  
</beans>