<?xml version="1.0" encoding="UTF-8"?>
<beans:beans xmlns="http://www.springframework.org/schema/security" 
	xmlns:beans="http://www.springframework.org/schema/beans" 
	xmlns:xsi="http://www.w3.org/2001/XMLSchema-instance"
	xsi:schemaLocation="
		http://www.springframework.org/schema/beans http://www.springframework.org/schema/beans/spring-beans.xsd
        http://www.springframework.org/schema/security http://www.springframework.org/schema/security/spring-security.xsd"
	default-lazy-init="true" default-autowire="byType">

	<beans:description>SpringSecurity安全配置</beans:description>

	<!-- 静态资源,不需要控制权限 -->
	<http pattern="/lib/**" security="none"/>
	<http pattern="/site/**" security="none"/>
	<http pattern="/common/*" security="none"/>
	<http pattern="/login.jsp*" security="none"/>
	<http pattern="/favicon.ico" security="none"/>
	<http pattern="/ws/**" security="none"/>
	<http pattern="/api/user/login!login.action*" security="none"/>
	<http pattern="/api/user/login!logout.action*" security="none"/>
	<http pattern="/acces!download.action*" security="none"/>
	<http pattern="/security/user!setPhoneCode.action*" security="none"/>
	<http pattern="/security/user!checkCode.action*" security="none"/>
	<http pattern="/ueditor/**" security="none"/>
	<http pattern="/upload/**" security="none"/>
	
	<!-- http安全配置-->
	<http use-expressions="true">
		<!-- 
		Spring Security 4默认启用了CSRF保护功能(false)，该功能在Spring Security 3时就已经存在默认是不启用,该功能防止跨站请求伪造攻击； 在提交请求时，该请求被CsrfFilter拦截，验证_csrf的token是否有效。
		 -->
		<csrf disabled="true"/>
		<intercept-url pattern="/**" access="isAuthenticated()"/>
		<form-login login-page="/login.jsp" always-use-default-target="false" authentication-failure-url="/login.jsp?error=1" />
		<logout logout-success-url="" />
		<!-- 
		<session-management invalid-session-url="/login.jsp?error=2">
			<concurrency-control max-sessions="1" error-if-maximum-exceeded="true" />
		</session-management>
		 -->
		<headers defaults-disabled="true">
			<frame-options policy="SAMEORIGIN"/>
		</headers>
		<custom-filter ref="accessTokenFilter" after="SECURITY_CONTEXT_FILTER" />
	</http>

	<!-- 方法安全配置 -->
	<global-method-security secured-annotations="enabled" />

	<!-- 认证配置 -->
	<authentication-manager alias="authenticationManager">
		<authentication-provider user-service-ref="userDetailsService">
			<password-encoder hash="md5">
				<salt-source user-property="username" />
			</password-encoder>
		</authentication-provider>
	</authentication-manager>

	<!-- 项目实现的用户查询服务 -->
	<beans:bean id="userDetailsService" class="com.cf.modules.security.service.UserDetailsServiceImpl" />

	<!-- APP凭证检查filter -->
	<beans:bean id="accessTokenFilter" class="com.cf.modules.api.filter.AccessTokenFilter">
		<beans:property name="ignoreURI">
			<beans:list>
				<beans:value>/api/user/login!login.action</beans:value>
				<beans:value>/api/user/login!logout.action</beans:value>
			</beans:list>
		</beans:property>
	</beans:bean>

	<!-- 开发时自动登录的filter -->
	<!-- 
	<beans:bean id="autoLoginFilter" class="com.cf.modules.security.filter.AutoLoginFilter">
		<beans:property name="enabled" value="${security.autologin.enabled}" />
		<beans:property name="defaultUserName" value="admin" />
	</beans:bean>
	 -->

	<!-- 提示消息中文化 -->
	<beans:bean id="messageSource" class="org.springframework.context.support.ReloadableResourceBundleMessageSource">
		<beans:property name="basename" value="classpath:org/springframework/security/messages_zh_CN" />
	</beans:bean>
</beans:beans>