<?xml version="1.0" encoding="UTF-8"?>
<!DOCTYPE struts PUBLIC
    "-//Apache Software Foundation//DTD Struts Configuration 2.3//EN"
    "http://struts.apache.org/dtds/struts-2.3.dtd">

<struts>
	<constant name="struts.convention.default.parent.package" value="crud-default" />
	<constant name="struts.convention.result.path" value="/pages" />
	<constant name="struts.convention.package.locators" value="modules" />
	<constant name="struts.convention.package.locators.basePackage" value="com.cf.modules" />
	<constant name="struts.enable.DynamicMethodInvocation" value="true" />
	<constant name="struts.i18n.encoding" value="UTF-8" />

	<!-- 用于CRUD Action的parent package -->
	<package name="crud-default" extends="convention-default">
		<!--
			基于paramsPrepareParamsStack, 
			增加store interceptor保证actionMessage在redirect后不会丢失
		-->
		<interceptors>
			<interceptor-stack name="crudStack">
				<interceptor-ref name="store">
					<param name="operationMode">AUTOMATIC</param>
				</interceptor-ref>
				<interceptor-ref name="paramsPrepareParamsStack" />
			</interceptor-stack>
			
			<!-- 图片上传拦截器,大小不能超过10M.	-->
			<interceptor-stack name="imageStack">
				<interceptor-ref name="fileUpload">
					<!-- 允许上传的图片类型,多个用","分隔 -->
					<!-- 
					<param name="allowedTypes">
						image/bmp,image/png,image/gif,image/jpeg,image/pjpeg,image/x-png
					</param>
					 -->
					<!-- 允许上传的图片大小10M,单位字节. -->
					<param name="maximumSize">10485760</param>
				</interceptor-ref>
			</interceptor-stack>
			
			<!-- 上传文件大小拦截器 -->
			<interceptor-stack name="fileSizeStack">
				<interceptor-ref name="fileUpload">
					<!-- 允许上传的文件大小20M. -->
					<param name="maximumSize">20971520</param>
				</interceptor-ref>
			</interceptor-stack>
		</interceptors>
		
		<default-interceptor-ref name="crudStack" />
	</package>
	
	<!-- 
		使用Convention插件,实现约定大于配置的零配置文件风格.
	           特殊的Result路径在Action类中使用@Result设定. 
	-->
</struts>
